almacen,codigo,producto,categoria,unidad,saldo,saldo_fisico,por_ingresar,transito,salida_espera,reservas,saldo_virtual
WH/Stock,0801001,Barra CONSTR ASTM A615 G60 8mX9M,Barra de Construcción,Unit(s),0,0,6991.000,0,0,0,6991.000
WH/Stock,0801003,"Barra CONSTR ASTM A615 G60 3/8""X9M",Barra de Construcción,Unit(s),419.000,419.000,63730.000,0,0,0,64149.000
WH/Stock,0801004,Barra CONSTR ASTM A615 G60 12mX9M,Barra de Construcción,Unit(s),0,0,1561.000,0,0,0,1561.000
WH/Stock,0801006,"Barra CONSTR ASTM A615 G60 5/8""X9M",Barra de Construcción,Unit(s),0,0,17220.000,0,0,0,17220.000
WH/Stock,0801007,"Barra CONSTR ASTM A615 G60 3/4""X9M",Barra de Construcción,Unit(s),0,0,3326.000,0,0,0,3326.000
WH/Stock,0801012,Cemento Portland Puzolanico IP YURAX42.5 Kg.,Barra de Construcción,bls.,0,0,12600.000,0,0,0,12600.000
WH/Stock,0801018,"Barra CONSTR ASTM A615 G60 3/4""X9M SP",Barra de Construcción,Unit(s),0,0,612.000,0,0,0,612.000
WH/Stock,0801019,"Barra CONSTR ASTM A615 G60 5/8""X9M SP",Barra de Construcción,Unit(s),0,0,4200.000,0,0,0,4200.000
WH/Stock,0801020,"Barra CONSTR ASTM A615 G60 3/8""X9M SP",Barra de Construcción,Unit(s),0,0,19968.000,0,0,0,19968.000
WH/Stock,0801021,"Barra CONSTR ASTM A615 G60 1/2""X9M SP",Barra de Construcción,Unit(s),0,0,13921.000,0,0,0,13921.000
WH/Stock,0801022,Barra CONSTR ASTM A615 G60 6mX9M SP,Barra de Construcción,Unit(s),0,0,15480.000,0,0,0,15480.000
WH/Stock,0801027,Barra CONSTR ASTM A615 G60 8mX9M SP,Barra de Construcción,Unit(s),0,0,2304.000,0,0,0,2304.000
WH/Stock,0801028,Barra CONSTR ASTM A615 G60 12mX9M SP,Barra de Construcción,Unit(s),0,0,1040.000,0,0,0,1040.000
WH/Stock,0829002,Barra CONSTR ASTM A615 G60 6mX9M,Barra de Construcción,Unit(s),0,0,42312.000,0,0,0,42312.000
WH/Stock,0829005,"Barra CONSTR ASTM A615 G60 1/2""X9M",Barra de Construcción,Unit(s),233.000,233.000,61926.000,0,0,0,62159.000
WH/Stock,0829008,"Barra CONSTR ASTM A615 G60 1""X9M",Barra de Construcción,Unit(s),0,0,566.000,0,0,0,566.000
WH/Stock,1105003,Hoja de Sierra Aceros arequipa N° 18,Hojas de Sierra,Unit(s),0,0,1000.000,0,0,0,1000.000
WH/Stock,1105004,Hoja de Sierra Aceros Arequipa N° 24,Hojas de Sierra,Unit(s),0,0,500.000,0,0,0,500.000
WH/Stock,0904007,"Disco de Corte A30 RBN 7""X1/8""X7/8"" ABRALIT",Disco,Unit(s),0,0,480.000,0,0,0,480.000
WH/Stock,0904046,"Disco de Corte 4.1/2""X1/8""X7/8"" 3M A. A.",Disco,Unit(s),0,0,200.000,0,0,0,200.000
WH/Stock,0904047,"Disco de Corte 7""X1/8""X7/8"" 3M A. A.",Disco,Unit(s),0,0,200.000,0,0,0,200.000
WH/Stock,0904049,"Disco de Desbaste 4.1/2""X1/4""X7/8"" 3M A. A.",Disco,Unit(s),0,0,300.000,0,0,0,300.000
WH/Stock,0904050,"Disco de Desbaste 7""X1/4""X7/8"" 3M A. A.",Disco,Unit(s),0,0,200.000,0,0,0,200.000
WH/Stock,0904052,"Disco de Corte 14""X1/8""X1"" 3M A. A.",Disco,Unit(s),0,0,300.000,0,0,0,300.000
WH/Stock,0904061,Disco de Corte A46 TBNA 180mX1.6mX22.23m 3M A.A.,Disco,Unit(s),0,0,680.000,0,0,0,680.000
WH/Stock,0101001,ANG 20mX20mX2.0mX6.0m,Angulo,Unit(s),0,0,12058.000,0,0,0,12058.000
WH/Stock,0101002,ANG 20mX20mX2.5mX6.0m,Angulo,Unit(s),0,0,1824.000,0,0,0,1824.000
WH/Stock,0101003,ANG 20mX20mX3.0mX6.0m,Angulo,Unit(s),0,0,760.000,0,0,0,760.000
WH/Stock,0101004,ANG 25mX25mX2.0mX6.0m,Angulo,Unit(s),0,0,17278.000,0,0,0,17278.000
WH/Stock,0101005,ANG 25mX25mX2.5mX6.0m,Angulo,Unit(s),0,0,3420.000,0,0,0,3420.000
WH/Stock,0101006,ANG 25mX25mX3.0mX6.0m,Angulo,Unit(s),0,0,4920.000,0,0,0,4920.000
WH/Stock,0101007,ANG 25mX25mX4.5mX6.0m,Angulo,Unit(s),0,0,412.000,0,0,0,412.000
WH/Stock,0101009,ANG 30mX30mX2.0mX6.0m,Angulo,Unit(s),0,0,3850.000,0,0,0,3850.000
WH/Stock,0101010,ANG 30mX30mX2.5mX6.0m,Angulo,Unit(s),0,0,2054.000,0,0,0,2054.000
WH/Stock,0101011,ANG 30mX30mX3.0mX6.0m,Angulo,Unit(s),0,0,1976.000,0,0,0,1976.000
WH/Stock,0101012,ANG 30mX30mX4.5mX6.0m,Angulo,Unit(s),0,0,664.000,0,0,0,664.000
WH/Stock,0101014,ANG 38mX38mX2.0mX6.0m,Angulo,Unit(s),528.000,528.000,2424.000,0,0,0,2952.000
WH/Stock,0101015,"ANG 1.1/2""X1.1/2""X3/32""X6.0m",Angulo,Unit(s),0,0,944.000,0,0,0,944.000
WH/Stock,0101016,"ANG 1.1/2""X1.1/2""X1/8""X6.0m",Angulo,Unit(s),950.000,950.000,5758.000,0,0,0,6708.000
WH/Stock,0101017,"ANG 1.1/2""X1.1/2""X3/16""X6.0m",Angulo,Unit(s),0,0,2394.000,0,0,0,2394.000
WH/Stock,0101018,"ANG 1.1/2""X1.1/2""X1/4""X6.0m",Angulo,Unit(s),200.000,200.000,800.000,0,0,0,1000.000
WH/Stock,0101020,"ANG 2""X2""X1/8""X6.0m",Angulo,Unit(s),0,0,1306.000,0,0,0,1306.000
WH/Stock,0101021,"ANG 2""X2""X3/16""X6.0m",Angulo,Unit(s),0,0,1648.000,0,0,0,1648.000
WH/Stock,0101022,"ANG 2""X2""X1/4""X6.0m",Angulo,Unit(s),0,0,1368.000,0,0,0,1368.000
WH/Stock,0101024,"ANG 2""X2""X3/8""X6.0m",Angulo,Unit(s),0,0,200.000,0,0,0,200.000
WH/Stock,0101025,"ANG 2.1/2""X2.1/2""X3/16""X6.0m",Angulo,Unit(s),0,0,296.000,0,0,0,296.000
WH/Stock,0101026,"ANG 2.1/2""X2.1/2""X1/4""X6.0m",Angulo,Unit(s),112.000,112.000,336.000,0,0,0,448.000
WH/Stock,0101027,"ANG 2.1/2""X2.1/2""X3/8""X6.0m",Angulo,Unit(s),0,0,380.000,0,0,0,380.000
WH/Stock,0101030,"ANG 3""X3""X1/4""X6.0m",Angulo,Unit(s),46.000,46.000,546.000,0,0,0,592.000
WH/Stock,0101032,"ANG 3""X3""X3/8""X6.0m",Angulo,Unit(s),0,0,68.000,0,0,0,68.000
WH/Stock,0101033,"ANG 3""X3""X1/2""X6.0m",Angulo,Unit(s),48.000,48.000,48.000,0,0,0,96.000
WH/Stock,0101035,"ANG 4""X4""X3/8""X6.0m",Angulo,Unit(s),0,0,44.000,0,0,0,44.000
WH/Stock,0101036,"ANG 4""X4""X1/2""X6.0m",Angulo,Unit(s),0,0,64.000,0,0,0,64.000
WH/Stock,0102001,Tee 3mX20mX20mX6.0m,TEE,Unit(s),0,0,1528.000,0,0,0,1528.000
WH/Stock,0102002,Tee 3mX25mX25mX6.0m,TEE,Unit(s),0,0,2392.000,0,0,0,2392.000
WH/Stock,0102004,"Tee 1/8""X1.1/2""X1.1/2""X6.0m",TEE,Unit(s),0,0,368.000,0,0,0,368.000
WH/Stock,0102112,Tee 3mX25mX25mX6.0m ( I ),TEE,Unit(s),0,0,600.000,0,0,0,600.000
WH/Stock,0103002,Barra Cuadrada 9mX6.0m,Barra Cuadrada,Unit(s),2080.000,2080.000,2616.000,0,0,0,4696.000
WH/Stock,0103003,Barra Cuadrada 12mX6.0m,Barra Cuadrada,Unit(s),1200.000,1200.000,4050.000,0,0,0,5250.000
WH/Stock,0103004,Barra Cuadrada 15mX6.0m,Barra Cuadrada,Unit(s),0,0,190.000,0,0,0,190.000
WH/Stock,0103005,"Barra Cuadrada 3/4""X6.0m",Barra Cuadrada,Unit(s),0,0,120.000,0,0,0,120.000
WH/Stock,0103006,"Barra Cuadrada 1""X6.0m",Barra Cuadrada,Unit(s),0,0,68.000,0,0,0,68.000
WH/Stock,0104001,"Barra RED Lisa 3/8""X6.0m",Barra Redonda,Unit(s),0,0,6560.000,0,0,0,6560.000
WH/Stock,0104002,"Barra RED Lisa 1/2""X6.0m",Barra Redonda,Unit(s),0,0,6460.000,0,0,0,6460.000
WH/Stock,0104003,"Barra RED Lisa 5/8""X6.0m",Barra Redonda,Unit(s),0,0,1488.000,0,0,0,1488.000
WH/Stock,0104004,"Barra RED Lisa 3/4""X6.0m",Barra Redonda,Unit(s),0,0,1244.000,0,0,0,1244.000
WH/Stock,0104005,"Barra RED Lisa 7/8""X6.0m",Barra Redonda,Unit(s),0,0,224.000,0,0,0,224.000
WH/Stock,0104006,"Barra RED Lisa 1""X6.0m",Barra Redonda,Unit(s),0,0,1402.000,0,0,0,1402.000
WH/Stock,0104012,"Barra RED Pulida 1.3/4""X6.0m",Barra Redonda,Unit(s),0,0,28.000,0,0,0,28.000
WH/Stock,0105001,Barra   Ornamental 9mX6.0m,Barra Cuadrada Ornamental,Unit(s),0,0,1240.000,0,0,0,1240.000
WH/Stock,0105002,Barra   Ornamental 12mX6.0m,Barra Cuadrada Ornamental,Unit(s),0,0,720.000,0,0,0,720.000
WH/Stock,0107002,"Platina 1/8""X1/2""X6.0m",Platina,Unit(s),0,0,2232.000,0,0,0,2232.000
WH/Stock,0107006,"Platina 1/8""X5/8""X6.0m",Platina,Unit(s),1744.000,1744.000,4360.000,0,0,0,6104.000
WH/Stock,0107007,"Platina 3/16""X5/8""X6.0m",Platina,Unit(s),0,0,596.000,0,0,0,596.000
WH/Stock,0107010,"Platina 1/8""X3/4""X6.0m",Platina,Unit(s),0,0,2160.000,0,0,0,2160.000
WH/Stock,0107011,"Platina 3/16""X3/4""X6.0m",Platina,Unit(s),0,0,1470.000,0,0,0,1470.000
WH/Stock,0107014,"Platina 1/8""X1""X6.0m",Platina,Unit(s),1120.000,1120.000,2520.000,0,0,0,3640.000
WH/Stock,0107015,"Platina 3/16""X1""X6.0m",Platina,Unit(s),740.000,740.000,740.000,0,0,0,1480.000
WH/Stock,0107016,"Platina 1/4""X1""X6.0m",Platina,Unit(s),0,0,548.000,0,0,0,548.000
WH/Stock,0107019,"Platina 1/8""X1.1/4""X6.0m",Platina,Unit(s),0,0,880.000,0,0,0,880.000
WH/Stock,0107020,"Platina 3/16""X1.1/4""X6.0m",Platina,Unit(s),0,0,1140.000,0,0,0,1140.000
WH/Stock,0107021,"Platina 1/4""X1.1/4""X6.0m",Platina,Unit(s),0,0,440.000,0,0,0,440.000
WH/Stock,0107022,"Platina 1/8""X1.1/2""X6.0m",Platina,Unit(s),0,0,1080.000,0,0,0,1080.000
WH/Stock,0107023,"Platina 3/16""X1.1/2""X6.0m",Platina,Unit(s),0,0,968.000,0,0,0,968.000
WH/Stock,0107024,"Platina 1/4""X1.1/2""X6.0m",Platina,Unit(s),0,0,724.000,0,0,0,724.000
WH/Stock,0107025,"Platina 1/2""X1.1/2""X6.0m",Platina,Unit(s),0,0,184.000,0,0,0,184.000
WH/Stock,0107028,"Platina 1/8""X2"" X6.0m",Platina,Unit(s),0,0,1088.000,0,0,0,1088.000
WH/Stock,0107029,"Platina 3/16""X2"" X6.0m",Platina,Unit(s),0,0,736.000,0,0,0,736.000
WH/Stock,0107030,"Platina 1/4""X2""X6.0m",Platina,Unit(s),0,0,544.000,0,0,0,544.000
WH/Stock,0107034,"Platina 3/16""X2.1/2""X6.0m",Platina,Unit(s),140.000,140.000,140.000,0,0,0,280.000
WH/Stock,0107035,"Platina 1/4""X2.1/2""X6.0m",Platina,Unit(s),0,0,440.000,0,0,0,440.000
WH/Stock,0107040,"Platina 3/16""X3"" X6.0m",Platina,Unit(s),0,0,236.000,0,0,0,236.000
WH/Stock,0107041,"Platina 1/4""X3"" X6.0m",Platina,Unit(s),90.000,90.000,360.000,0,0,0,450.000
WH/Stock,0107046,"Platina 1/4""X4"" X6.0m",Platina,Unit(s),0,0,142.000,0,0,0,142.000
WH/Stock,0107049,"Platina 5/8""X4""X6.0m",Platina,Unit(s),0,0,52.000,0,0,0,52.000
WH/Stock,0108008,"Canal U 2""X1""X2.58 Lb/pie ",Canal U,Unit(s),0,0,176.000,0,0,0,176.000
WH/Stock,1504008,Base Zincromato 1 Galon (Anypsa),Anypsa 1 Galon,gal(s),0,0,7.000,0,0,0,7.000
WH/Stock,0406051,Plancha Ond. 0.22mX0.80mX1.8m AA,Ondulada,Pl,0,0,1500.000,0,0,0,1500.000
WH/Stock,0406056,Plancha Ond. 0.22mX0.80mX3.6m AA,Ondulada,Pl,0,0,2000.000,0,0,0,2000.000
WH/Stock,0601002,Punto Azul 1/8 (3.25),Convencionales,kg,0,0,14000.000,0,0,0,14000.000
WH/Stock,0601007,Cellocord P (5.0),Convencionales,kg,0,0,50.000,0,0,0,50.000
WH/Stock,0601013,Cellocord AP 2.5,Convencionales,kg,0,0,700.000,0,0,0,700.000
WH/Stock,0601014,Cellocord AP 3.25,Convencionales,kg,0,0,19275.000,0,0,0,19275.000
WH/Stock,0601015,Cellocord AP 4.0,Convencionales,kg,0,0,1500.000,0,0,0,1500.000
WH/Stock,0601016,Cellocord AP 5.0,Convencionales,kg,0,0,25.000,0,0,0,25.000
WH/Stock,0601018,Supercito 3/32 (2.5),Convencionales,kg,0,0,800.000,0,0,0,800.000
WH/Stock,0601019,Supercito 1/8 (3.25),Convencionales,kg,0,0,9600.000,0,0,0,9600.000
WH/Stock,0601020,Supercito 5/32 (4.0),Convencionales,kg,0,0,1200.000,0,0,0,1200.000
WH/Stock,0601021,Supercito 3/16 (5.0),Convencionales,kg,0,0,125.000,0,0,0,125.000
WH/Stock,0601022,Supercito 1/4 (6.30),Convencionales,kg,0,0,25.000,0,0,0,25.000
WH/Stock,0601034,Chanfercord 5/32 (4.0),Convencionales,kg,0,0,40.000,0,0,0,40.000
WH/Stock,0601050,SOLDARCO 18 5/32 (4.0),Convencionales,kg,0,0,375.000,0,0,0,375.000
WH/Stock,0601054,SOLDARCO 11 5/32 (4.0),Convencionales,kg,0,0,475.000,0,0,0,475.000
WH/Stock,0602006,Alcord 5 SI (3.25),Especiales,kg,0,0,30.000,0,0,0,30.000
WH/Stock,0602015,Citofonte 1/8,Especiales,kg,0,0,20.000,0,0,0,20.000
WH/Stock,0602019,Citodur 350 (3.25),Especiales,kg,0,0,20.000,0,0,0,20.000
WH/Stock,0602020,Citodur 350 (4.0),Especiales,kg,0,0,40.000,0,0,0,40.000
WH/Stock,0602023,Citodur 600 (3.25),Especiales,kg,0,0,140.000,0,0,0,140.000
WH/Stock,0602029,Citodur 1000 (3.25),Especiales,kg,0,0,180.000,0,0,0,180.000
WH/Stock,0602030,Citodur 1000 (4.0),Especiales,kg,0,0,160.000,0,0,0,160.000
WH/Stock,0602038,Inox AW 2.5,Especiales,kg,0,0,65.000,0,0,0,65.000
WH/Stock,0602039,Inox AW 3.25,Especiales,kg,0,0,60.000,0,0,0,60.000
WH/Stock,0602045,Inox BW ELC 3.25,Especiales,kg,0,0,20.000,0,0,0,20.000
WH/Stock,0602046,Inox BW ELC 4.0,Especiales,kg,0,0,20.000,0,0,0,20.000
WH/Stock,0602050,Inox CW 2.5,Especiales,kg,0,0,20.000,0,0,0,20.000
WH/Stock,0602052,Inox CW 4.0,Especiales,kg,0,0,60.000,0,0,0,60.000
WH/Stock,0602069,Exsa 106 1/8,Especiales,kg,0,0,20.000,0,0,0,20.000
WH/Stock,0602080,Exsatig 199 (1.6) TIGFIL,Especiales,kg,0,0,5.000,0,0,0,5.000
WH/Stock,0602090,Exsalot 307 (2.5) RODFIL,Especiales,kg,0,0,5.000,0,0,0,5.000
WH/Stock,0602103,Exsanox (2.0) (SOLDINOX),Especiales,kg,0,0,6.000,0,0,0,6.000
WH/Stock,0602128,ER 70 S-6 0.80 SOLDAMIG,Especiales,kg,0,0,450.000,0,0,0,450.000
WH/Stock,0602197,ER 70 S-6 1.00 SOLDAMIG,Especiales,kg,0,0,300.000,0,0,0,300.000
WH/Stock,0602203,SOLDATUB E-71 T-1 1.2m,Especiales,kg,0,0,300.000,0,0,0,300.000
WH/Stock,0602220,MIGFIL PS6-GC (0.8),Especiales,kg,0,0,1650.000,0,0,0,1650.000
WH/Stock,0602221,MIGFIL PS6-GC (1.0),Especiales,kg,0,0,1350.000,0,0,0,1350.000
WH/Stock,0601048,Soldadura Facilito 11 2.50,Convencionales,kg,0,0,800.000,0,0,0,800.000
WH/Stock,0601047,Soldadura Facilito 11 2.50,Convencionales,kg,0,0,2500.000,0,0,0,2500.000
WH/Stock,0111003,Tuerca Acer. ASTM A194 25m,Barra Helicoidal,Unit(s),0,0,300.000,0,0,0,300.000
WH/Stock,0111004,Placas PCLAC A36 25m 4.5X200X200m,Barra Helicoidal,pieza,0,0,300.000,0,0,0,300.000
WH/Stock,0111010,BARRA HELICOIDAL 25MM X 2 METROS,Barra Helicoidal,pieza,0,0,300.000,0,0,0,300.000
LIM/Existencias,1201001,Alambre Recocido Nº8 ,Alambre,kg,0,0,8000.000,0,0,0,8000.000
LIM/Existencias,1201003,Alambre Recocido Nº16,Alambre,kg,0,0,8000.000,0,0,0,8000.000
LIM/Existencias,1003001,Balleta Precor 0.6X6.00 mts.,Balleta Precor,Unit(s),0,0,3100.000,0,0,0,3100.000
LIM/Existencias,1003003,Balleta Precor 0.8X6.00 mts.,Balleta Precor,Unit(s),0,0,4500.000,0,0,0,4500.000
LIM/Existencias,1003006,Balleta Precor 0.8X6.00 mts. GALV,Balleta Precor,Unit(s),0,0,500.000,0,0,0,500.000
LIM/Existencias,1005004,Fleje de 50 m Cassado,Accesorios,m,0,0,8187.760,0,0,0,8187.760
LIM/Existencias,1005005,Tambores con Gancho,Accesorios,Unit(s),0,0,2000.000,0,0,0,2000.000
LIM/Existencias,1005006,Carteras de Descanso IM,Accesorios,Unit(s),0,0,1400.000,0,0,0,1400.000
LIM/Existencias,1005013,Kit de Postigo Asa Tubo,Accesorios,Unit(s),0,0,750.000,0,0,0,750.000
LIM/Existencias,1005014,Kit de Regla Asa Tubo,Accesorios,Unit(s),0,0,1000.000,0,0,0,1000.000
LIM/Existencias,1005018,Remache,Accesorios,kg,0,0,1000.000,0,0,0,1000.000
LIM/Existencias,0801012,Cemento Portland Puzolanico IP YURAX42.5 Kg.,Barra de Construcción,bls.,0,0,1400.000,0,0,0,1400.000
LIM/Existencias,1104004,"Bisagras 3X3/8""",Bisagras y Garruchas,Unit(s),0,0,6000.000,0,0,0,6000.000
LIM/Existencias,1104005,"Bisagras 4X1/2""",Bisagras y Garruchas,Unit(s),0,0,3500.000,0,0,0,3500.000
LIM/Existencias,1104007,"Bisagras 4X3/8""",Bisagras y Garruchas,Unit(s),0,0,3500.000,0,0,0,3500.000
LIM/Existencias,1104011,"Bisagras 4X5/8"" 2 AlasX43m",Bisagras y Garruchas,Unit(s),0,0,1000.000,0,0,0,1000.000
LIM/Existencias,1104012,"Bisagras 6X5/8"" 2 AlasX79m",Bisagras y Garruchas,Unit(s),0,0,500.000,0,0,0,500.000
LIM/Existencias,1104013,"Bisagras 6X5/8"" 3 AlasX43m",Bisagras y Garruchas,Unit(s),0,0,500.000,0,0,0,500.000
LIM/Existencias,1104014,"Bisagras 6X5/8"" 3 AlasX59m",Bisagras y Garruchas,Unit(s),0,0,500.000,0,0,0,500.000
LIM/Existencias,1104015,"Bisagras 6X5/8"" 3 AlasX79m",Bisagras y Garruchas,Unit(s),0,0,500.000,0,0,0,500.000
LIM/Existencias,1104017,"Bisagras 2X3/8""",Bisagras y Garruchas,Unit(s),0,0,8000.000,0,0,0,8000.000
LIM/Existencias,1104019,Bisagras 4X5/8 2 ALASX59m,Bisagras y Garruchas,Unit(s),0,0,750.000,0,0,0,750.000
LIM/Existencias,1104020,Bisagras 4X5/8X79m,Bisagras y Garruchas,Unit(s),0,0,500.000,0,0,0,500.000
LIM/Existencias,1107001,Clavo 2'',Clavos,kg,0,0,1320.000,0,0,0,1320.000
LIM/Existencias,1107003,Clavo 3'',Clavos,kg,0,0,1200.000,0,0,0,1200.000
LIM/Existencias,1107004,"Clavo 4"" ",Clavos,kg,0,0,300.000,0,0,0,300.000
LIM/Existencias,1107008,"Clavo 2 1/2"" ",Clavos,kg,0,0,810.000,0,0,0,810.000
LIM/Existencias,0301004,"Cañeria GALV 1/2""X2.0mX6.4m S/R",Galvanizada,Unit(s),0,0,400.000,0,0,0,400.000
LIM/Existencias,0301008,"Cañeria GALV 3/4""X2.0mX6.4m S/R",Galvanizada,Unit(s),0,0,400.000,0,0,0,400.000
LIM/Existencias,0301011,"Cañeria GALV 1""X2.0mX6.4m S/R",Galvanizada,Unit(s),0,0,600.000,0,0,0,600.000
LIM/Existencias,0301018,"Tubo GALV 1.1/2""X2.0mX6.4m S/R",Galvanizada,Unit(s),0,0,854.000,0,0,0,854.000
LIM/Existencias,0301079,"Tubo GALV 2""X2.0mX6.4m S/R",Galvanizada,Unit(s),0,0,1389.000,0,0,0,1389.000
LIM/Existencias,0301081,"Tubo GALV 3""X2.5mX6.4m S/R",Galvanizada,Unit(s),0,0,100.000,0,0,0,100.000
LIM/Existencias,0301082,"Tubo GALV 4""X2.5mX6.4m S/R",Galvanizada,Unit(s),0,0,100.000,0,0,0,100.000
LIM/Existencias,0301092,"Tubo GALV 1.1/4""X2.0mX6.4m S/R",Galvanizada,Unit(s),0,0,300.000,0,0,0,300.000
LIM/Existencias,0302035,"Tubo SCH-80 1/2""",SCH,Unit(s),0,0,20.000,0,0,0,20.000
LIM/Existencias,0314006,"Tubo SCH-40 1/2""",SCH,Unit(s),0,0,200.000,0,0,0,200.000
LIM/Existencias,0314007,"Tubo SCH-40 3/4"" ",SCH,Unit(s),0,0,180.000,0,0,0,180.000
LIM/Existencias,0314009,"Tubo SCH-40 1.1/4""",SCH,Unit(s),0,0,300.000,0,0,0,300.000
LIM/Existencias,0314010,"Tubo SCH-40 1.1/2""",SCH,Unit(s),0,0,400.000,0,0,0,400.000
LIM/Existencias,0314011,"Tubo SCH-40 2"" ",SCH,Unit(s),0,0,420.000,0,0,0,420.000
LIM/Existencias,0314012,"Tubo SCH-40 2.1/2""",SCH,Unit(s),0,0,50.000,0,0,0,50.000
LIM/Existencias,0314013,"Tubo SCH-40 3""",SCH,Unit(s),0,0,90.000,0,0,0,90.000
LIM/Existencias,0314014,"Tubo SCH-40 4""",SCH,Unit(s),0,0,119.000,0,0,0,119.000
LIM/Existencias,0314015,"Tubo SCH-40 5""",SCH,Unit(s),0,0,5.000,0,0,0,5.000
LIM/Existencias,0314016,"Tubo SCH-40 6""",SCH,Unit(s),0,0,46.000,0,0,0,46.000
LIM/Existencias,0314018,"Tubo SCH-40 8""",SCH,Unit(s),0,0,32.000,0,0,0,32.000
LIM/Existencias,0314021,"Tubo SCH-80 3/4""",SCH,Unit(s),0,0,20.000,0,0,0,20.000
LIM/Existencias,0314022,"Tubo SCH-80 1""",SCH,Unit(s),0,0,28.000,0,0,0,28.000
LIM/Existencias,0314023,"Tubo SCH-80 1.1/2""",SCH,Unit(s),0,0,20.000,0,0,0,20.000
LIM/Existencias,0301029,"Tubo GALV 2.1/2""X2.5mX6.4m S/R",Galvanizada,Unit(s),0,0,215.000,0,0,0,215.000
LIM/Existencias,0904056,"Disco de Corte 14""X7/64""X1"" Norton",Disco,Unit(s),0,0,4.000,0,0,0,4.000
LIM/Existencias,0101004,ANG 25mX25mX2.0mX6.0m,Angulo,Unit(s),0,0,222.000,0,0,0,222.000
LIM/Existencias,0101005,ANG 25mX25mX2.5mX6.0m,Angulo,Unit(s),0,0,1908.000,0,0,0,1908.000
LIM/Existencias,0101006,ANG 25mX25mX3.0mX6.0m,Angulo,Unit(s),0,0,1073.000,0,0,0,1073.000
LIM/Existencias,0101022,"ANG 2""X2""X1/4""X6.0m",Angulo,Unit(s),0,0,1.000,0,0,0,1.000
LIM/Existencias,0101030,"ANG 3""X3""X1/4""X6.0m",Angulo,Unit(s),0,0,10.000,0,0,0,10.000
LIM/Existencias,0107002,"Platina 1/8""X1/2""X6.0m",Platina,Unit(s),0,0,3942.000,0,0,0,3942.000
LIM/Existencias,0107050,"Platina 3/4""X4""X6.0m",Platina,Unit(s),0,0,40.000,0,0,0,40.000
LIM/Existencias,0108016,"Canal U 4""X5.40 Lb/pieX6.0m",Canal U,Unit(s),0,0,550.000,0,0,0,550.000
LIM/Existencias,0108018,"Canal U 6""X2""X3.0mX6.0m",Canal U,Unit(s),0,0,8.000,0,0,0,8.000
LIM/Existencias,0108020,"Canal U 6""X2""X8.20 Lb/pie",Canal U,Unit(s),0,0,100.000,0,0,0,100.000
LIM/Existencias,0108021,"Canal U 6""X2""X10.50 Lb/pie ",Canal U,Unit(s),0,0,4.000,0,0,0,4.000
LIM/Existencias,0108023,"Canal U 8""X2.1/4""X11.50 Lb/pie",Canal U,Unit(s),0,0,90.000,0,0,0,90.000
LIM/Existencias,0108029,Riel Liviano 1.5,Canal U,Unit(s),0,0,100.000,0,0,0,100.000
LIM/Existencias,0108031,"Canal U 10""X2.5/8""X15.30 Lb/pieX20 ",Canal U,Unit(s),0,0,2.000,0,0,0,2.000
LIM/Existencias,0108035,"Canal U 8""X2.3/8""X13.75 Lb/pieX20",Canal U,Unit(s),0,0,7.000,0,0,0,7.000
LIM/Existencias,0108040,"Canal U 4""X7.25 Lb/pieX6.0m",Canal U,Unit(s),0,0,4.000,0,0,0,4.000
LIM/Existencias,0108047,"Canal U 5""X6.7 Lb/PieX6.0m",Canal U,Unit(s),0,0,2.000,0,0,0,2.000
LIM/Existencias,0108054,"CANAL U 3""X4.10Lb/pieX6 MT ",Canal U,Unit(s),0,0,150.000,0,0,0,150.000
LIM/Existencias,0108062,"Canal U 10""X15.30 Lb/pieX20 ",Canal U,Unit(s),0,0,3.000,0,0,0,3.000
LIM/Existencias,0109001,"Viga H 4""X13 Lb/pieX20",Viga H,Unit(s),0,0,90.000,0,0,0,90.000
LIM/Existencias,0109003,"Viga H 8""X15 Lb/pieX30",Viga H,Unit(s),0,0,2.000,0,0,0,2.000
LIM/Existencias,0109004,"Viga H 8""X24 Lb/pieX20",Viga H,Unit(s),6.000,6.000,0,0,0,0,6.000
LIM/Existencias,0109015,"Viga H 10""X22 lb/pieX30",Viga H,Unit(s),0,0,1.000,0,0,0,1.000
LIM/Existencias,0109016,"Viga H 6""X20 Lb/pieX20",Viga H,Unit(s),0,0,5.000,0,0,0,5.000
LIM/Existencias,0109017,"Viga H 8""X18 LbX20",Viga H,Unit(s),0,0,116.000,0,0,0,116.000
LIM/Existencias,0109021,"Viga H 6""X15 Lb/pie 20",Viga H,Unit(s),0,0,85.000,0,0,0,85.000
LIM/Existencias,0109022,"Viga H 6""X25 Lb/pieX20",Viga H,Unit(s),0,0,5.000,0,0,0,5.000
LIM/Existencias,0109025,"Viga H 10""X39 LbsX30",Viga H,Unit(s),0,0,20.000,0,0,0,20.000
LIM/Existencias,0109047,"Viga H 12""X19 Lb/pieX20",Viga H,Unit(s),0,0,2.000,0,0,0,2.000
LIM/Existencias,0109063,"Viga H 12""X30 Lb/pieX30",Viga H,Unit(s),0,0,4.000,0,0,0,4.000
LIM/Existencias,0109084,"Viga H 6""X12 Lb/pieX20",Viga H,Unit(s),0,0,4.000,0,0,0,4.000
LIM/Existencias,0109090,"Viga H 14""X82 LbX30",Viga H,Unit(s),0,0,6.000,0,0,0,6.000
LIM/Existencias,0109398,"Viga H 10""X30 Lb/pieX40",Viga H,Unit(s),0,0,1.000,0,0,0,1.000
LIM/Existencias,0109413,"Viga H 18""X40 Lb/pieX20",Viga H,Unit(s),0,0,1.000,0,0,0,1.000
LIM/Existencias,0109420,"Viga H 10""X15 Lb/pieX30",Viga H,Unit(s),0,0,6.000,0,0,0,6.000
LIM/Existencias,1504001,Pintura Anticorrosivo Anypsa 1 Galon Negro,Anypsa 1 Galon,gal(s),0,0,300.000,0,0,0,300.000
LIM/Existencias,1504002,Pintura Anticorrosivo Anypsa 1 Galon Gris,Anypsa 1 Galon,gal(s),0,0,300.000,0,0,0,300.000
LIM/Existencias,1504003,Pintura Anticorrosivo Anypsa 1 Galon Rojo Oxido,Anypsa 1 Galon,gal(s),0,0,200.000,0,0,0,200.000
LIM/Existencias,1504006,Pintura Anticorrosivo Anypsa 1 Galon Blanco,Anypsa 1 Galon,gal(s),0,0,300.000,0,0,0,300.000
LIM/Existencias,1504008,Base Zincromato 1 Galon (Anypsa),Anypsa 1 Galon,gal(s),0,0,500.000,0,0,0,500.000
LIM/Existencias,1504016,Base Zincromato Automotriz X3 1 Galon (Anypsa),Anypsa 1 Galon,gal(s),0,0,80.000,0,0,0,80.000
LIM/Existencias,0508007,Thiner AcrilicoX3.000 Lt. ANYPSA,Thiner,gal(s),0,0,2521.000,0,0,0,2521.000
LIM/Existencias,0508008,Thiner StandardX3.000 Lt. ANYPSA,Thiner,gal(s),0,0,1506.000,0,0,0,1506.000
LIM/Existencias,0513001,Pintura Esmalte Anypsa 1 Galon Aluminio,Anypsa 1 Galon,gal(s),0,0,80.000,0,0,0,80.000
LIM/Existencias,0513005,Pintura Esmalte Anypsa 1 Galon Amarillo CAT,Anypsa 1 Galon,gal(s),0,0,40.000,0,0,0,40.000
LIM/Existencias,0513007,Pintura Esmalte Anypsa 1 Galon Azul Electrico,Anypsa 1 Galon,gal(s),0,0,120.000,0,0,0,120.000
LIM/Existencias,0513014,Pintura Esmalte Anypsa 1 Galon Blanco,Anypsa 1 Galon,gal(s),0,0,200.000,0,0,0,200.000
LIM/Existencias,0513026,Pintura Esmalte Anypsa 1 Galon Rojo Bermellon,Anypsa 1 Galon,gal(s),0,0,80.000,0,0,0,80.000
LIM/Existencias,0513042,Pintura Esmalte Anypsa 1 Galon Negro,Anypsa 1 Galon,gal(s),0,0,200.000,0,0,0,200.000
LIM/Existencias,0402004,"Plancha Estri. 3/32""X4X8",Estriada,Pl,0,0,601.000,0,0,0,601.000
LIM/Existencias,0402007,"Plancha Estri. 1/8""X4X8 ",Estriada,Pl,0,0,550.000,0,0,0,550.000
LIM/Existencias,0402008,"Plancha Estri. 3/16""X4X8",Estriada,Pl,0,0,80.000,0,0,0,80.000
LIM/Existencias,0402011,Plancha Estri. 2.0mX4X8,Estriada,Pl,0,0,1261.000,0,0,0,1261.000
LIM/Existencias,0403005,Plancha GALVA 0.5mX4X8,Galvanizada,Pl,0,0,2780.000,0,0,0,2780.000
LIM/Existencias,0403006,Plancha GALVA 0.6mX4X8 (1/40),Galvanizada,Pl,0,0,1331.000,0,0,0,1331.000
LIM/Existencias,0403011,Plancha GALVA 1.9mX4X8 (5/64),Galvanizada,Pl,0,0,300.000,0,0,0,300.000
LIM/Existencias,0403012,Plancha GALVA 0.55mX4X8,Galvanizada,Pl,0,0,1136.000,0,0,0,1136.000
LIM/Existencias,0403013,Plancha GALVA 0.75mX4X8,Galvanizada,Pl,0,0,1500.000,0,0,0,1500.000
LIM/Existencias,0403014,Plancha GALVA 0.85mX4X8,Galvanizada,Pl,200.000,200.000,1100.000,0,0,0,1300.000
LIM/Existencias,0403015,Plancha GALVA 1.15mX4X8,Galvanizada,Pl,0,0,1250.000,0,0,0,1250.000
LIM/Existencias,0403016,Plancha GALVA 1.45mX4X8,Galvanizada,Pl,0,0,800.000,0,0,0,800.000
LIM/Existencias,0403036,Plancha GALVA 0.4mX4X8,Galvanizada,Pl,300.000,300.000,300.000,0,0,0,600.000
LIM/Existencias,0403038,Plancha GALVA 0.3mX4X8,Galvanizada,Pl,0,0,900.000,0,0,0,900.000
LIM/Existencias,0404043,Plancha A.Inox. C-304 0.50m 1220X2440 Satinada,Inoxidable,Pl,0,0,20.000,0,0,0,20.000
LIM/Existencias,0404044,Plancha InoXMate 201 0.40m 1220X2440 2B,Inoxidable,Pl,0,0,15.000,0,0,0,15.000
LIM/Existencias,0404045,Plancha InoXMate 201 0.50m 1220X2440 2B,Inoxidable,Pl,0,0,40.000,0,0,0,40.000
LIM/Existencias,0404048,Plancha A.Inox. C-304 0.60m 1220X2440 2B,Inoxidable,Pl,0,0,40.000,0,0,0,40.000
LIM/Existencias,0404051,Plancha InoXMate 201 0.80m 1220X2440 2B,Inoxidable,Pl,0,0,55.000,0,0,0,55.000
LIM/Existencias,0405001,"Plancha Estruc. 1/8""X1500mX6000m",Estructural,Pl,0,0,150.000,0,0,0,150.000
LIM/Existencias,0405004,Plancha Estruc. 4.5mX1500mX6000m,Estructural,Pl,0,0,80.000,0,0,0,80.000
LIM/Existencias,0405006,Plancha Estruc. 6.0mX1500mX6000m,Estructural,Pl,0,0,90.000,0,0,0,90.000
LIM/Existencias,0405008,Plancha Estruc. 8.0mX1500mX6000m,Estructural,Pl,0,0,10.000,0,0,0,10.000
LIM/Existencias,0405009,Plancha Estruc. 9.0mX1500mX6000m,Estructural,Pl,0,0,45.000,0,0,0,45.000
LIM/Existencias,0405010,"Plancha Estruc.1/2"" X1500mX6000m",Estructural,Pl,0,0,2.000,0,0,0,2.000
LIM/Existencias,0405062,PLANCHA DOMEX DE 3.0 X1500mX6000m,Estructural,Pl,4.000,4.000,0,0,0,0,4.000
LIM/Existencias,0408006,Bobina Negra LAF 0.55mX1200 ,Bobina,kg,0,0,29990.000,0,0,0,29990.000
LIM/Existencias,0408007,Bobina Negra LAF 0.6mX1200,Bobina,kg,0,0,9350.000,0,0,0,9350.000
LIM/Existencias,0408008,Bobina Negra LAF 0.75mX1200 ,Bobina,kg,0,0,73927.000,0,0,0,73927.000
LIM/Existencias,0408041,Bobina Negra LAC 1.8mX1200 ,Bobina,kg,0,0,20000.000,0,0,0,20000.000
LIM/Existencias,0408048,Bobina GALV 0.85mX1200 ,Bobina,kg,0,0,33440.000,0,0,0,33440.000
LIM/Existencias,0408049,Bobina GALV 0.75mX1200 ,Bobina,kg,0,0,28660.000,0,0,0,28660.000
LIM/Existencias,0409014,Plancha GALV 0.40mX1200m,X Metros,m,0,0,300.000000,0,0,0,300.000000
LIM/Existencias,0410011,"Plancha Antiabrasiva 500B 3/8""X1200X2400",Antiabrasiba,Pl,0,0,3.000,0,0,0,3.000
LIM/Existencias,0410021,"Plancha Antiabrasiva 400 3/8"" 1200X2400",Antiabrasiba,Pl,0,0,2.000,0,0,0,2.000
LIM/Existencias,0401005,"Plancha LAF 1/54""X4X8 (0.5)",Negro,Pl,1100.000,1100.000,3400.000,0,0,0,4500.000
LIM/Existencias,0401006,"Plancha LAF 1/40""X4X8 (0.55)",Negro,Pl,0,0,1300.000,0,0,0,1300.000
LIM/Existencias,0401007,"Plancha LAF 1/40""X4X8 (0.6)",Negro,Pl,0,0,1600.000,0,0,0,1600.000
LIM/Existencias,0401009,"Plancha LAF 1/32""X4X8 (0.75)",Negro,Pl,0,0,4061.000,0,0,0,4061.000
LIM/Existencias,0401010,"Plancha LAF 1/32""X4X8 (0.8)",Negro,Pl,0,0,1386.000,0,0,0,1386.000
LIM/Existencias,0401011,"Plancha LAF 1/27""X4X8 (0.85)",Negro,Pl,0,0,2193.000,0,0,0,2193.000
LIM/Existencias,0401012,"Plancha LAF 1/27""X4X8 (0.9)",Negro,Pl,300.000,300.000,2128.000,0,0,0,2428.000
LIM/Existencias,0401013,"Plancha LAF 1/24""X4X8 (1.0)",Negro,Pl,0,0,200.000,0,0,0,200.000
LIM/Existencias,0401014,"Plancha LAF 1/20""X4X8 (1.15)",Negro,Pl,0,0,800.000,0,0,0,800.000
LIM/Existencias,0401015,"Plancha LAF 1/20""X4X8 (1.2)",Negro,Pl,0,0,734.000,0,0,0,734.000
LIM/Existencias,0401016,"Plancha LAF 1/16""X4X8 (1.45)",Negro,Pl,0,0,938.000,0,0,0,938.000
LIM/Existencias,0401017,"Plancha LAF 1/16""X4X8 (1.5)",Negro,Pl,0,0,860.000,0,0,0,860.000
LIM/Existencias,0401018,"Plancha LAC 5/64""X4X8 (2.0)",Negro,Pl,0,0,580.000,0,0,0,580.000
LIM/Existencias,0401020,"Plancha LAC 3/32""X4X8 (2.3)",Negro,Pl,0,0,130.000,0,0,0,130.000
LIM/Existencias,0401021,"Plancha LAC 3/32""X4X8 (2.5)",Negro,Pl,0,0,338.000,0,0,0,338.000
LIM/Existencias,0401022,"Plancha LAC 1/8""X4X8 (2.9)",Negro,Pl,0,0,850.000,0,0,0,850.000
LIM/Existencias,0401023,"Plancha LAC 5/32""X4X8 (3.9)",Negro,Pl,0,0,180.000,0,0,0,180.000
LIM/Existencias,0401026,"Plancha LAC 1/4""X4X8 (5.9)",Negro,Pl,0,0,380.000,0,0,0,380.000
LIM/Existencias,0401028,"Plancha LAC 3/8""X4X8 (9.0)",Negro,Pl,0,0,280.000,0,0,0,280.000
LIM/Existencias,0401029,"Plancha LAC 1/2""X4X8 (12.0)",Negro,Pl,0,0,185.000,0,0,0,185.000
LIM/Existencias,0401031,"Plancha LAC 5/8""X4X8 (16.0)",Negro,Pl,0,0,50.000,0,0,0,50.000
LIM/Existencias,0401032,"Plancha LAC 3/4""X4X8 (19.0)",Negro,Pl,0,0,30.000,0,0,0,30.000
LIM/Existencias,0401033,"Plancha LAC 1""X4X8 (25.0)",Negro,Pl,0,0,10.000,0,0,0,10.000
LIM/Existencias,0401034,"Plancha LAC 1.1/4""X4X8 (32.0)",Negro,Pl,0,0,1.000,0,0,0,1.000
LIM/Existencias,0401035,"Plancha LAC 1.1/2""X4X8 (38)",Negro,Pl,0,0,3.000,0,0,0,3.000
LIM/Existencias,0401037,Plancha LAC 5/64X4X8 (1.8) ,Negro,Pl,0,0,380.000,0,0,0,380.000
LIM/Existencias,0401047,"Plancha LAC 3/16""X4X8 (4.4)",Negro,Pl,0,0,580.000,0,0,0,580.000
LIM/Existencias,0401048,"Plancha LAC 5/16""X4X8 (8.0)",Negro,Pl,0,0,200.000,0,0,0,200.000
LIM/Existencias,0401049,"Plancha LAC 3/32""X4X8 (2.4)",Negro,Pl,0,0,100.000,0,0,0,100.000
LIM/Existencias,0404006,Plancha A.Inox. C-304 0.50m 1220X2440 2B,Inoxidable,Pl,0,0,20.000,0,0,0,20.000
LIM/Existencias,0404008,Plancha A.Inox. C-304 0.80m 1220X2440 2B,Inoxidable,Pl,0,0,40.000,0,0,0,40.000
LIM/Existencias,0404010,Plancha A.Inox. C-304 0.90m 1220X2440 2B,Inoxidable,Pl,0,0,40.000,0,0,0,40.000
LIM/Existencias,0404004,Plancha Inox AI 430-BA 0.6m,Inoxidable,Pl,0,0,70.000,0,0,0,70.000
LIM/Existencias,0601027,Overcord M 1/8 (3.25),Convencionales,kg,0,0,15.000,0,0,0,15.000
LIM/Existencias,0602023,Citodur 600 (3.25),Especiales,kg,0,0,40.000,0,0,0,40.000
LIM/Existencias,0602029,Citodur 1000 (3.25),Especiales,kg,0,0,40.000,0,0,0,40.000
LIM/Existencias,0602117,Toolcord 1/8,Especiales,kg,0,0,5.000,0,0,0,5.000
LIM/Existencias,1701001,Supertecho TR-4XGX0.30X5.15Mts. (Cerramiento),Supertecho,Pl,0,0,1800.000,0,0,0,1800.000
LIM/Existencias,1701026,Supertecho TR-4XGX0.30X3.66Mts. (Cerramiento),Supertecho,Pl,0,0,800.000,0,0,0,800.000
LIM/Existencias,1701096,PANEL PV-4X0.30X5.15M ZINCALUM,Supertecho,Pl,0,0,500.000,0,0,0,500.000
LIM/Existencias,0203073,Tubo RECT 40X60X1.8mX6.0m PR,Rectangular,Unit(s),0,0,2009.000,0,0,0,2009.000
LIM/Existencias,0203074,Tubo RECT 40X60X1.5mX6.0m LAC PR,Rectangular,Unit(s),0,0,5831.000,0,0,0,5831.000
LIM/Existencias,0203075,Tubo RECT 50X25X1.5mX6.0m LAC PR,Rectangular,Unit(s),0,0,4750.000,0,0,0,4750.000
LIM/Existencias,0203076,Tubo RECT 40X80X1.5mX6.0m LAC PR,Rectangular,Unit(s),0,0,2625.000,0,0,0,2625.000
LIM/Existencias,0203077,"Tubo RECT 1""X2""X1.5mX6.0m LAC",Rectangular,Unit(s),0,0,1700.000,0,0,0,1700.000
LIM/Existencias,0202111,"Tubo CUAD  6""X4.5mX6.0mt",Cuadrado,Unit(s),0,0,91.000,0,0,0,91.000
LIM/Existencias,0202112,Tubo CUAD 50X1.5mX6mts LAC PR,Cuadrado,Unit(s),0,0,2940.000,0,0,0,2940.000
LIM/Existencias,0202102,"Tubo CUAD  4""X6.0mX6.0mt",Cuadrado,Unit(s),5.000,5.000,0,0,0,0,5.000
LIM/Existencias,0204163,"Tubo RED 8""X4.5X6.0m LAC",Negro,Unit(s),0,0,3.000,0,0,0,3.000
LIM/Existencias,0205001,Tubo RECT 150X50X2.0mX6.0m PR,Rectangular,Unit(s),0,0,648.000,0,0,0,648.000
LIM/Existencias,0205003,Tubo RECT 150X50X3.0mX6.0m PR,Rectangular,Unit(s),0,0,264.000,0,0,0,264.000
LIM/Existencias,0205007,Tubo RED 48X3.0mX6.0m PR,Negro,Unit(s),0,0,122.000,0,0,0,122.000
LIM/Existencias,0205009,Tubo RED 60X2.5mX6.0m PR,Negro,Unit(s),0,0,732.000,0,0,0,732.000
LIM/Existencias,0205010,Tubo RED 60X3.0mX6.0m PR,Negro,Unit(s),0,0,122.000,0,0,0,122.000
LIM/Existencias,0205011,Tubo RED 76X2.0mX6.0m PR,Negro,Unit(s),0,0,740.000,0,0,0,740.000
LIM/Existencias,0205012,Tubo RED 76X2.5mX6.0m PR,Negro,Unit(s),0,0,518.000,0,0,0,518.000
LIM/Existencias,0205013,Tubo RED 76X3.0mX6.0m PR,Negro,Unit(s),0,0,111.000,0,0,0,111.000
LIM/Existencias,0205014,Tubo RED 88X2.0mX6.0m PR,Negro,Unit(s),0,0,481.000,0,0,0,481.000
LIM/Existencias,0205015,Tubo RED 88X2.5mX6.0m PR,Negro,Unit(s),0,0,422.000,0,0,0,422.000
LIM/Existencias,0205016,Tubo RED 88X3.0mX6.0m PR,Negro,Unit(s),0,0,888.000,0,0,0,888.000
LIM/Existencias,0205017,Tubo RED 114X2.0mX6.0m PR,Negro,Unit(s),0,0,570.000,0,0,0,570.000
LIM/Existencias,0205018,Tubo RED 114X3.0mX6.0m PR,Negro,Unit(s),0,0,457.000,0,0,0,457.000
LIM/Existencias,0205019,Tubo CUAD 50X2.0mX6.0m LAC PR,Cuadrado,Unit(s),0,0,1134.000,0,0,0,1134.000
LIM/Existencias,0205020,Tubo CUAD 50X2.5mX6.0m LAC PR,Cuadrado,Unit(s),0,0,252.000,0,0,0,252.000
LIM/Existencias,0205021,Tubo CUAD 50X3.0mX6.0m LAC PR,Cuadrado,Unit(s),0,0,262.000,0,0,0,262.000
LIM/Existencias,0205022,Tubo RECT 40X80X2.5mX6.0m LAC PR,Rectangular,Unit(s),0,0,630.000,0,0,0,630.000
LIM/Existencias,0205024,Tubo CUAD 50X1.8mX6.0m LAC PR,Cuadrado,Unit(s),0,0,462.000,0,0,0,462.000
LIM/Existencias,0205025,Tubo CUAD 38X1.8mX6.0m LAC PR,Cuadrado,Unit(s),0,0,2058.000,0,0,0,2058.000
LIM/Existencias,0205026,Tubo RECT 50X25X2.0mX6.0m LAC PR,Rectangular,Unit(s),0,0,800.000,0,0,0,800.000
LIM/Existencias,0205027,Tubo CUAD 75X2.0mX6.0m LAC PR,Cuadrado,Unit(s),0,0,600.000,0,0,0,600.000
LIM/Existencias,0205028,Tubo CUAD 75X2.5mX6.0m LAC PR,Cuadrado,Unit(s),0,0,80.000,0,0,0,80.000
LIM/Existencias,0205029,Tubo CUAD 75X3.0mX6.0m LAC PR,Cuadrado,Unit(s),0,0,80.000,0,0,0,80.000
LIM/Existencias,0205030,Tubo CUAD 100X2.0mX6.0m LAC PR,Cuadrado,Unit(s),0,0,1536.000,0,0,0,1536.000
LIM/Existencias,0205031,Tubo CUAD 100X2.5mX6.0m LAC PR,Cuadrado,Unit(s),0,0,144.000,0,0,0,144.000
LIM/Existencias,0205033,Tubo RECT 40X60X2.0mX6.0m LAC PR,Rectangular,Unit(s),0,0,980.000,0,0,0,980.000
LIM/Existencias,0205034,Tubo RECT 100X50X1.8mX6.0m PR,Rectangular,Unit(s),0,0,1848.000,0,0,0,1848.000
LIM/Existencias,0205035,Tubo RECT 100X50X2.0mX6.0m PR,Rectangular,Unit(s),0,0,1824.000,0,0,0,1824.000
LIM/Existencias,0205036,Tubo RECT 100X50X2.5mX6.0m PR,Rectangular,Unit(s),0,0,840.000,0,0,0,840.000
LIM/Existencias,0205037,Tubo RECT 100X50X3.0mX6.0m PR,Rectangular,Unit(s),0,0,96.000,0,0,0,96.000
LIM/Existencias,0202115,"Tubo CUAD 2""X1.5mX6.0m LAC",Cuadrado,Unit(s),0,0,520.000,0,0,0,520.000
LIM/Existencias,0203081,Tubo RECT 150X50X4.0mX6.0m LAC,Rectangular,Unit(s),0,0,32.000,0,0,0,32.000
LIM/Existencias,0203086,Tubo RECT 200X100X3.0mX6.0m,Rectangular,Unit(s),0,0,84.000,0,0,0,84.000
LIM/Existencias,0203088,"Tubo RECT 6""X4""X3.0mX6.0m",Rectangular,Unit(s),0,0,6.000,0,0,0,6.000
LIM/Existencias,0203093,Tubo RECT 200X150X4.5mX6.0m,Rectangular,Unit(s),13.000,13.000,3.000000,0,0,0,16.000000
LIM/Existencias,0203095,"Tubo RECT 6""X4""X4.5mX6.0m",Rectangular,Unit(s),0,0,14.000,0,0,0,14.000
LIM/Existencias,0203104,Tubo RECT 40X60X1.8mX6.0m LAC ,Rectangular,Unit(s),0,0,1690.000,0,0,0,1690.000
LIM/Existencias,0203108,Tubo RECT 150X50X4.5mX6.0m LAC,Rectangular,Unit(s),0,0,5.000,0,0,0,5.000
LIM/Existencias,0203116,Tubo RECT 200X100X4.0mX6.0m,Rectangular,Unit(s),0,0,33.000,0,0,0,33.000
LIM/Existencias,0203117,Tubo RECT 50X25X2.5mX6.0m LAC ,Rectangular,Unit(s),0,0,150.000,0,0,0,150.000
LIM/Existencias,0203132,Tubo RECT 50X25X2.5mX6.0m LAC PR,Rectangular,Unit(s),0,0,300.000,0,0,0,300.000
LIM/Existencias,0203135,"Tubo RECT 8""X4""X4.5X6.0m LAC",Rectangular,Unit(s),0,0,14.000,0,0,0,14.000
LIM/Existencias,0203140,Tubo RECT 40X60X3.0mX6.0m LAC PR,Rectangular,Unit(s),0,0,49.000,0,0,0,49.000
LIM/Existencias,0203148,Tubo RECT 150X100X6.0mX6.0m ,Rectangular,Unit(s),0,0,16.000,0,0,0,16.000
LIM/Existencias,0203158,Tubo RECT 150X100X3.0mX6.0m ,Rectangular,Unit(s),0,0,48.000,0,0,0,48.000
LIM/Existencias,0203200,"Tubo RECT  10""X4""X3.0mX6.0m",Rectangular,Unit(s),0,0,3.000,0,0,0,3.000
LIM/Existencias,0204003,"Tubo Negro 1/2""X1.8mX6.0m",Negro,Unit(s),0,0,3648.000,0,0,0,3648.000
LIM/Existencias,0204004,"Tubo Negro 1/2""X2.0mX6.0m",Negro,Unit(s),0,0,762.000,0,0,0,762.000
LIM/Existencias,0204019,"Tubo Negro 3/4""X1.8mX6.0m",Negro,Unit(s),0,0,3932.000,0,0,0,3932.000
LIM/Existencias,0204020,"Tubo Negro 3/4""X2.0mX6.0m",Negro,Unit(s),0,0,254.000,0,0,0,254.000
LIM/Existencias,0204022,"Tubo Negro 1""X1.8mX6.0m",Negro,Unit(s),0,0,3071.000,0,0,0,3071.000
LIM/Existencias,0204023,"Tubo Negro 1""X2.0mX6.0m",Negro,Unit(s),400.000,400.000,1727.000,0,0,0,2127.000
LIM/Existencias,0204025,"Tubo Negro 1""X2.5mX6.4m",Negro,Unit(s),0,0,100.000,0,0,0,100.000
LIM/Existencias,0204026,"Tubo Negro 1""X3.0mX6.4m",Negro,Unit(s),0,0,1932.000,0,0,0,1932.000
LIM/Existencias,0204027,"Tubo Negro 1.1/4""X1.8mX6.0m",Negro,Unit(s),600.000,600.000,2776.000,0,0,0,3376.000
LIM/Existencias,0204028,"Tubo Negro 1.1/4""X2.0mX6.0m",Negro,Unit(s),0,0,671.000,0,0,0,671.000
LIM/Existencias,0204029,"Tubo Negro 1.1/4""X2.5mX6.4m",Negro,Unit(s),0,0,322.000,0,0,0,322.000
LIM/Existencias,0204032,"Tubo Negro 1.1/2""X1.8mX6.0m",Negro,Unit(s),0,0,2232.000,0,0,0,2232.000
LIM/Existencias,0204033,"Tubo Negro 1.1/2""X2.0mX6.0m",Negro,Unit(s),0,0,688.000,0,0,0,688.000
LIM/Existencias,0204034,"Tubo Negro 1.1/2""X2.5mX6.0m",Negro,Unit(s),0,0,100.000,0,0,0,100.000
LIM/Existencias,0204037,"Tubo Negro 2""X1.8mX6.0m",Negro,Unit(s),0,0,333.000,0,0,0,333.000
LIM/Existencias,0204038,"Tubo Negro 2""X2.0mX6.0m",Negro,Unit(s),0,0,1480.000,0,0,0,1480.000
LIM/Existencias,0204041,"Tubo Negro 2""X3.0mX6.0m",Negro,Unit(s),0,0,259.000,0,0,0,259.000
LIM/Existencias,0204043,"Tubo Negro 2.1/2""X2.0mX6.0m",Negro,Unit(s),0,0,418.000,0,0,0,418.000
LIM/Existencias,0204047,"Tubo Negro 3""X2.0mX6.0m",Negro,Unit(s),0,0,228.000,0,0,0,228.000
LIM/Existencias,0204048,"Tubo Negro 3""X2.0mX6.4m",Negro,Unit(s),0,0,55.000,0,0,0,55.000
LIM/Existencias,0204049,"Tubo Negro 3""X2.5mX6.0m",Negro,Unit(s),0,0,256.000,0,0,0,256.000
LIM/Existencias,0204050,"Tubo Negro 3""X3.0mX6.0m",Negro,Unit(s),0,0,171.000,0,0,0,171.000
LIM/Existencias,0204073,Tubo RED 60X1.8mX6.0m PR,Negro,Unit(s),0,0,2013.000,0,0,0,2013.000
LIM/Existencias,0204074,Tubo RED 48X2.0mX6.0m PR,Negro,Unit(s),0,0,854.000,0,0,0,854.000
LIM/Existencias,0204075,Tubo RED 60X2.0mX6.0m PR,Negro,Unit(s),0,0,671.000,0,0,0,671.000
LIM/Existencias,0204078,Tubo RED 48X1.8mX6.0m PR,Negro,Unit(s),0,0,2562.000,0,0,0,2562.000
LIM/Existencias,0204080,Tubo RED 114X2.5mX6.0m PR,Negro,Unit(s),0,0,209.000,0,0,0,209.000
LIM/Existencias,0204084,"Tubo Negro 1""X1.8mX6.4m",Negro,Unit(s),0,0,300.000,0,0,0,300.000
LIM/Existencias,0204085,"Tubo Negro 6""X3.0mX6.0m",Negro,Unit(s),0,0,500.000,0,0,0,500.000
LIM/Existencias,0202118,Tubo CUAD 75X1.8mX6.0m LAC ,Cuadrado,Unit(s),0,0,160.000,0,0,0,160.000
LIM/Existencias,0202119,Tubo CUAD 38X1.5mX6.0m LAC PR,Cuadrado,Unit(s),0,0,4459.000,0,0,0,4459.000
LIM/Existencias,0202128,"TUBO CUAD 1/2""X0.8mX6.0m",Cuadrado,Unit(s),0,0,4320.000,0,0,0,4320.000
LIM/Existencias,0202129,"TUBO CUAD 1/2""X0.9mX6.0m",Cuadrado,Unit(s),0,0,1584.000,0,0,0,1584.000
LIM/Existencias,0202139,"Tubo CUAD  6""X3.0mX6.0mt",Cuadrado,Unit(s),0,0,320.000,0,0,0,320.000
LIM/Existencias,0202158,Tubo CUAD 100X1.8mX6.0m LAC ,Cuadrado,Unit(s),0,0,200.000,0,0,0,200.000
LIM/Existencias,0202167,"Tubo CUAD  8""X3.0mX6.0mt",Cuadrado,Unit(s),0,0,17.000,0,0,0,17.000
LIM/Existencias,0202168,"Tubo CUAD  8""X4.5mX6.0mt",Cuadrado,Unit(s),0,0,102.000,0,0,0,102.000
LIM/Existencias,0202169,"Tubo CUAD 10""X10""X6.0mX6.0M LAC",Cuadrado,Unit(s),3.000,3.000,1.000,0,0,0,4.000
LIM/Existencias,0202170,"Tubo CUAD  6""X6.3mX6.0mt",Cuadrado,Unit(s),0,0,1.000,0,0,0,1.000
LIM/Existencias,0202187,"Tubo CUAD 10""X10""X4.5mX6.0m LAC",Cuadrado,Unit(s),0,0,2.000,0,0,0,2.000
LIM/Existencias,0202190,Tubo CUAD 100X4.5mX6.0m LAC,Cuadrado,Unit(s),0,0,11.000,0,0,0,11.000
LIM/Existencias,0202200,"Tubo CUAD 1.1/2""X1.5mX6.0m LAC",Cuadrado,Unit(s),0,0,1300.000,0,0,0,1300.000
LIM/Existencias,0202207,"Tubo CUAD 1.1/4""X1.5mX6.0m LAC",Cuadrado,Unit(s),150.000,150.000,1700.000,0,0,0,1850.000
LIM/Existencias,0202208,Tubo CUAD 100X6.0 mX6.0m LAC,Cuadrado,Unit(s),0,0,5.000000,0,0,0,5.000000
LIM/Existencias,0202209,"Tubo CUAD 1""X1.5mX6.0m LAC",Cuadrado,Unit(s),0,0,1800.000,0,0,0,1800.000
LIM/Existencias,0202226,Tubo CUAD 200 X4.0mX6.0mt,Cuadrado,Unit(s),0,0,39.000,0,0,0,39.000
LIM/Existencias,0203003,"Tubo RECT 1/2""X1.1/2""X0.75mX6.0m",Rectangular,Unit(s),0,0,576.000,0,0,0,576.000
LIM/Existencias,0203004,"Tubo RECT 1/2""X1.1/2""X0.8mX6.0m",Rectangular,Unit(s),0,0,864.000,0,0,0,864.000
LIM/Existencias,0203005,"Tubo RECT 1/2""X1.1/2""X0.9mX6.0m",Rectangular,Unit(s),0,0,1772.000,0,0,0,1772.000
LIM/Existencias,0203006,"Tubo RECT 1/2""X1.1/2""X1.2mX6.0m",Rectangular,Unit(s),0,0,1350.000,0,0,0,1350.000
LIM/Existencias,0203007,"Tubo RECT 1/2""X1.1/2""X1.5mX6.0m",Rectangular,Unit(s),0,0,900.000,0,0,0,900.000
LIM/Existencias,0203008,"Tubo RECT 1""X2""X0.75mX6.0m",Rectangular,Unit(s),0,0,1008.000,0,0,0,1008.000
LIM/Existencias,0203010,"Tubo RECT 1""X2""X0.9mX6.0m",Rectangular,Unit(s),0,0,24292.000,0,0,0,24292.000
LIM/Existencias,0203011,"Tubo RECT 1""X2""X1.2mX6.0m",Rectangular,Unit(s),0,0,14960.000,0,0,0,14960.000
LIM/Existencias,0203013,"Tubo RECT 1""X2""X2.0mX6.0m LAC",Rectangular,Unit(s),0,0,900.000,0,0,0,900.000
LIM/Existencias,0203018,Tubo RECT 40X60X1.2mX6.0m,Rectangular,Unit(s),0,0,10236.000,0,0,0,10236.000
LIM/Existencias,0203021,Tubo RECT 40X60X2.0mX6.0m LAC ,Rectangular,Unit(s),0,0,1800.000,0,0,0,1800.000
LIM/Existencias,0203022,Tubo RECT 40X60X2.5mX6.0m,Rectangular,Unit(s),0,0,100.000,0,0,0,100.000
LIM/Existencias,0203023,Tubo RECT 40X80X1.2mX6.0m,Rectangular,Unit(s),0,0,1645.000,0,0,0,1645.000
LIM/Existencias,0203025,Tubo RECT 40X80X2.0mX6.0m LAC PR,Rectangular,Unit(s),0,0,1680.000,0,0,0,1680.000
LIM/Existencias,0203031,Tubo RECT 50X70X2.0mX6.0m LAC,Rectangular,Unit(s),0,0,1060.000,0,0,0,1060.000
LIM/Existencias,0203032,Tubo RECT 100X50X2.0mX6.0m LAC,Rectangular,Unit(s),0,0,440.000,0,0,0,440.000
LIM/Existencias,0203034,Tubo RECT 100X50X3.0mX6.0m LAC,Rectangular,Unit(s),0,0,340.000,0,0,0,340.000
LIM/Existencias,0203036,Tubo RECT 150X50X2.5mX6.0m LAC,Rectangular,Unit(s),0,0,460.000,0,0,0,460.000
LIM/Existencias,0203037,Tubo RECT 150X50X3.0mX6.0m LAC,Rectangular,Unit(s),0,0,240.000,0,0,0,240.000
LIM/Existencias,0203039,"Tubo RECT 1""X2""X0.8mX6.0m",Rectangular,Unit(s),0,0,2520.000,0,0,0,2520.000
LIM/Existencias,0203040,Tubo RECT 40X80X1.8mX6.0m LAC PR,Rectangular,Unit(s),0,0,1400.000,0,0,0,1400.000
LIM/Existencias,0203041,Tubo RECT 50X25X1.8mX6.0m LAC PR,Rectangular,Unit(s),0,0,2100.000,0,0,0,2100.000
LIM/Existencias,0203042,Tubo RECT 100X50X1.8mX6.0m LAC,Rectangular,Unit(s),0,0,528.000,0,0,0,528.000
LIM/Existencias,0203047,"Tubo RECT 1""X2""X1.8mX6.0m LAC",Rectangular,Unit(s),0,0,1000.000,0,0,0,1000.000
LIM/Existencias,0203048,Tubo RECT 40X80X1.5mX6.0m LAC,Rectangular,Unit(s),0,0,1740.000,0,0,0,1740.000
LIM/Existencias,0203049,Tubo RECT 40X80X1.8mX6.0m LAC,Rectangular,Unit(s),0,0,1720.000,0,0,0,1720.000
LIM/Existencias,0203052,Tubo RECT 40X60X1.5mX6.0m LAC,Rectangular,Unit(s),0,0,2400.000,0,0,0,2400.000
LIM/Existencias,0202005,"Tubo CUAD 5/8""X0.8mX6.0m",Cuadrado,Unit(s),0,0,2057.000,0,0,0,2057.000
LIM/Existencias,0202006,"Tubo CUAD 5/8""X0.9mX6.0m",Cuadrado,Unit(s),0,0,1747.000,0,0,0,1747.000
LIM/Existencias,0202007,"Tubo CUAD 3/4""X0.75mX6.0m",Cuadrado,Unit(s),0,0,1300.000,0,0,0,1300.000
LIM/Existencias,0202008,"Tubo CUAD 3/4""X0.8mX6.0m",Cuadrado,Unit(s),0,0,1600.000,0,0,0,1600.000
LIM/Existencias,0202009,"Tubo CUAD 3/4""X0.9mX6.0m",Cuadrado,Unit(s),0,0,4600.000,0,0,0,4600.000
LIM/Existencias,0202010,"Tubo CUAD 3/4""X1.2mX6.0m",Cuadrado,Unit(s),0,0,2200.000,0,0,0,2200.000
LIM/Existencias,0202011,"Tubo CUAD 3/4""X1.5mX6.0m",Cuadrado,Unit(s),0,0,1000.000,0,0,0,1000.000
LIM/Existencias,0202012,"Tubo CUAD 7/8""X0.75mX6.0m",Cuadrado,Unit(s),0,0,1300.000,0,0,0,1300.000
LIM/Existencias,0202013,"Tubo CUAD 7/8""X0.8mX6.0m ",Cuadrado,Unit(s),0,0,1700.000,0,0,0,1700.000
LIM/Existencias,0202014,"Tubo CUAD 7/8""X0.9mX6.0m",Cuadrado,Unit(s),0,0,3400.000,0,0,0,3400.000
LIM/Existencias,0202015,"Tubo CUAD 7/8""X1.2mX6.0m",Cuadrado,Unit(s),0,0,1000.000,0,0,0,1000.000
LIM/Existencias,0202016,"Tubo CUAD 7/8""X1.5mX6.0m",Cuadrado,Unit(s),0,0,500.000,0,0,0,500.000
LIM/Existencias,0202018,"Tubo CUAD 1""X0.75mX6.0m",Cuadrado,Unit(s),0,0,1150.000,0,0,0,1150.000
LIM/Existencias,0202019,"Tubo CUAD 1""X0.8mX6.0m",Cuadrado,Unit(s),0,0,3950.000,0,0,0,3950.000
LIM/Existencias,0202020,"Tubo CUAD 1""X0.9mX6.0m",Cuadrado,Unit(s),0,0,18500.000,0,0,0,18500.000
LIM/Existencias,0202021,"Tubo CUAD 1""X1.2mX6.0m",Cuadrado,Unit(s),0,0,9400.000,0,0,0,9400.000
LIM/Existencias,0202022,"Tubo CUAD 1""X1.5mX6.0m",Cuadrado,Unit(s),0,0,1000.000,0,0,0,1000.000
LIM/Existencias,0202025,"Tubo CUAD 1.1/4""X0.75mX6.0m",Cuadrado,Unit(s),0,0,810.000,0,0,0,810.000
LIM/Existencias,0202026,"Tubo CUAD 1.1/4""X0.8mX6.0m",Cuadrado,Unit(s),0,0,1053.000,0,0,0,1053.000
LIM/Existencias,0202027,"Tubo CUAD 1.1/4""X0.9mX6.0m",Cuadrado,Unit(s),0,0,3739.000,0,0,0,3739.000
LIM/Existencias,0202028,"Tubo CUAD 1.1/4""X1.2mX6.0m",Cuadrado,Unit(s),0,0,4608.000,0,0,0,4608.000
LIM/Existencias,0202033,"Tubo CUAD 1.1/2""X0.9mX6.0m",Cuadrado,Unit(s),0,0,2975.000,0,0,0,2975.000
LIM/Existencias,0202034,"Tubo CUAD 1.1/2""X1.2mX6.0m",Cuadrado,Unit(s),0,0,4590.000,0,0,0,4590.000
LIM/Existencias,0202036,"Tubo CUAD 2""X1.2mX6.0m",Cuadrado,Unit(s),0,0,2670.000,0,0,0,2670.000
LIM/Existencias,0202038,"Tubo CUAD 1""X1.8mX6.0m LAC",Cuadrado,Unit(s),0,0,1400.000,0,0,0,1400.000
LIM/Existencias,0202039,"Tubo CUAD 1""X2.0mX6.0m LAC",Cuadrado,Unit(s),0,0,200.000,0,0,0,200.000
LIM/Existencias,0202040,"Tubo CUAD 1.1/4""X1.8mX6.0m LAC",Cuadrado,Unit(s),0,0,1050.000,0,0,0,1050.000
LIM/Existencias,0202041,"Tubo CUAD 1.1/4""X2.0mX6.0m LAC",Cuadrado,Unit(s),0,0,450.000,0,0,0,450.000
LIM/Existencias,0202043,"Tubo CUAD 1.1/2""X1.8mX6.0m LAC",Cuadrado,Unit(s),0,0,1200.000,0,0,0,1200.000
LIM/Existencias,0202044,"Tubo CUAD 1.1/2""X2.0mX6.0m LAC",Cuadrado,Unit(s),0,0,300.000,0,0,0,300.000
LIM/Existencias,0202046,"Tubo CUAD 2""X1.8mX6.0m LAC",Cuadrado,Unit(s),0,0,1460.000,0,0,0,1460.000
LIM/Existencias,0202047,"Tubo CUAD 2""X2.0mX6.0m LAC",Cuadrado,Unit(s),0,0,2810.000,0,0,0,2810.000
LIM/Existencias,0202048,"Tubo CUAD 2""X2.5mX6.0m LAC",Cuadrado,Unit(s),0,0,180.000,0,0,0,180.000
LIM/Existencias,0202049,"Tubo CUAD 2""X3.0mX6.0m LAC",Cuadrado,Unit(s),0,0,685.000,0,0,0,685.000
LIM/Existencias,0202051,"Tubo CUAD 4""X4.0mX6.0m LAC ",Cuadrado,Unit(s),0,0,12.000,0,0,0,12.000
LIM/Existencias,0202058,Tubo CUAD 50X2.5mX6.0m LAC ,Cuadrado,Unit(s),0,0,80.000,0,0,0,80.000
LIM/Existencias,0202060,Tubo CUAD 75X2.0mX6.0m LAC ,Cuadrado,Unit(s),0,0,1490.000,0,0,0,1490.000
LIM/Existencias,0202061,Tubo CUAD 75X2.5mX6.0m LAC ,Cuadrado,Unit(s),0,0,160.000,0,0,0,160.000
LIM/Existencias,0202062,Tubo CUAD 75X3.0mX6.0m LAC ,Cuadrado,Unit(s),0,0,200.000,0,0,0,200.000
LIM/Existencias,0202063,Tubo CUAD 100X2.0mX6.0m LAC ,Cuadrado,Unit(s),0,0,100.000,0,0,0,100.000
LIM/Existencias,0202064,Tubo CUAD 100X2.5mX6.0m LAC,Cuadrado,Unit(s),0,0,180.000,0,0,0,180.000
LIM/Existencias,0202065,Tubo CUAD 100X3.0mX6.0m LAC ,Cuadrado,Unit(s),0,0,590.000,0,0,0,590.000
LIM/Existencias,0202066,Tubo CUAD 100X4.0mX6.0m LAC,Cuadrado,Unit(s),0,0,6.000,0,0,0,6.000
LIM/Existencias,0202069,"Tubo CUAD  4""X4.5mX6.0mt",Cuadrado,Unit(s),0,0,2.000,0,0,0,2.000
LIM/Existencias,0202070,"Tubo CUAD  6""X6.0mX6.0mt",Cuadrado,Unit(s),0,0,1.000,0,0,0,1.000
LIM/Existencias,0202074,Tubo CUAD 38X2.0mX6.0m LAC PR,Cuadrado,Unit(s),0,0,1225.000,0,0,0,1225.000
LIM/Existencias,0202075,Tubo CUAD 38X3.0mX6.0m LAC PR,Cuadrado,Unit(s),0,0,196.000,0,0,0,196.000
LIM/Existencias,0202076,"Tubo CUAD 8""X8""X1/4""X6.0m",Cuadrado,Unit(s),0,0,4.000,0,0,0,4.000
LIM/Existencias,0202080,"Tubo CUAD 3""X3""X4.5mX6.0m",Cuadrado,Unit(s),0,0,28.000,0,0,0,28.000
LIM/Existencias,0202082,Tubo CUAD 38X2.5mX6.0m LAC PR,Cuadrado,Unit(s),0,0,216.000,0,0,0,216.000
LIM/Existencias,0201006,"Tubo RED 1/2""X0.8mX6.0m Cerrado",Redondo,Unit(s),0,0,4889.000,0,0,0,4889.000
LIM/Existencias,0201007,"Tubo RED 1/2""X0.9mX6.0m Cerrado",Redondo,Unit(s),0,0,1519.000,0,0,0,1519.000
LIM/Existencias,0201013,"Tubo RED 5/8""X0.8mX6.0m",Redondo,Unit(s),0,0,2351.000,0,0,0,2351.000
LIM/Existencias,0201014,"Tubo RED 5/8""X0.9mX6.0m",Redondo,Unit(s),0,0,1899.000,0,0,0,1899.000
LIM/Existencias,0201015,"Tubo RED 5/8""X1.2mX6.0m",Redondo,Unit(s),0,0,169.000,0,0,0,169.000
LIM/Existencias,0201019,"Tubo RED 3/4""X0.8mX6.0m",Redondo,Unit(s),0,0,962.000,0,0,0,962.000
LIM/Existencias,0201020,"Tubo RED 3/4""X0.9mX6.0m",Redondo,Unit(s),0,0,1801.000,0,0,0,1801.000
LIM/Existencias,0201021,"Tubo RED 3/4""X1.2mX6.0m",Redondo,Unit(s),0,0,1035.000,0,0,0,1035.000
LIM/Existencias,0201026,"Tubo RED 7/8""X0.75mX6.0m",Redondo,Unit(s),0,0,2710.000,0,0,0,2710.000
LIM/Existencias,0201027,"Tubo RED 7/8""X0.8mX6.0m",Redondo,Unit(s),0,0,1547.000,0,0,0,1547.000
LIM/Existencias,0201028,"Tubo RED 7/8""X0.9mX6.0m",Redondo,Unit(s),0,0,2167.000,0,0,0,2167.000
LIM/Existencias,0201029,"Tubo RED 7/8""X1.2mX6.0m",Redondo,Unit(s),0,0,1770.000,0,0,0,1770.000
LIM/Existencias,0201030,"Tubo RED 7/8""X1.5mX6.0m",Redondo,Unit(s),0,0,959.000,0,0,0,959.000
LIM/Existencias,0201031,"Tubo RED 1""X0.75mX6.0m",Redondo,Unit(s),0,0,728.000,0,0,0,728.000
LIM/Existencias,0201032,"Tubo RED 1""X0.8mX6.0m",Redondo,Unit(s),0,0,1840.000,0,0,0,1840.000
LIM/Existencias,0201033,"Tubo RED 1""X0.9mX6.0m",Redondo,Unit(s),0,0,3561.000,0,0,0,3561.000
LIM/Existencias,0201034,"Tubo RED 1""X1.2mX6.0m",Redondo,Unit(s),0,0,1968.000,0,0,0,1968.000
LIM/Existencias,0201035,"Tubo RED 1""X1.5mX6.0m",Redondo,Unit(s),0,0,689.000,0,0,0,689.000
LIM/Existencias,0201040,"Tubo RED 1.1/4""X0.75mX6.0m",Redondo,Unit(s),0,0,2375.000,0,0,0,2375.000
LIM/Existencias,0201041,"Tubo RED 1.1/4""X0.8mX6.0m",Redondo,Unit(s),0,0,2165.000,0,0,0,2165.000
LIM/Existencias,0201042,"Tubo RED 1.1/4""X0.9mX6.0m",Redondo,Unit(s),0,0,2255.000,0,0,0,2255.000
LIM/Existencias,0201043,"Tubo RED 1.1/4""X1.2mX6.0m",Redondo,Unit(s),0,0,1169.000,0,0,0,1169.000
LIM/Existencias,0201044,"Tubo RED 1.1/4""X1.5mX6.0m",Redondo,Unit(s),0,0,770.000,0,0,0,770.000
LIM/Existencias,0201046,"Tubo RED 1.1/2""X0.8mX6.0m",Redondo,Unit(s),0,0,488.000,0,0,0,488.000
LIM/Existencias,0201047,"Tubo RED 1.1/2""X0.9mX6.0m",Redondo,Unit(s),0,0,640.000,0,0,0,640.000
LIM/Existencias,0201048,"Tubo RED 1.1/2""X1.2mX6.0m",Redondo,Unit(s),0,0,923.000,0,0,0,923.000
LIM/Existencias,0201050,"Tubo RED 1.1/2""X1.5mX6.0m",Redondo,Unit(s),0,0,819.000,0,0,0,819.000
LIM/Existencias,0201057,"Tubo RED 2""X0.8mX6.0m",Redondo,Unit(s),0,0,320.000,0,0,0,320.000
LIM/Existencias,0201058,"Tubo RED 2""X0.9mX6.0m",Redondo,Unit(s),0,0,366.000,0,0,0,366.000
LIM/Existencias,0201059,"Tubo RED 2""X1.2mX6.0m",Redondo,Unit(s),0,0,500.000,0,0,0,500.000
LIM/Existencias,0201060,"Tubo RED 2""X1.5mX6.0m",Redondo,Unit(s),0,0,522.000,0,0,0,522.000
LIM/Existencias,,"Tubo RED LAC 1.1/4""X1.8X6.00",PRODUCTOS POR VERIFICAR,Unit(s),0,0,200.000,0,0,0,200.000
LIM/Existencias,,"Viga H 8""X13 Lb/pieX40",Viga H,pieza,0,0,6.000,0,0,0,6.000
LIM/Existencias,0202227,"Tubo CUAD 5"" X4.5mmX6.0m LAC",All,Unit(s),0,0,2.000,0,0,0,2.000
LIM/Existencias,0405064,PLANCHA DOMEX DE 4.0 X1500mX6000m,Estructural,Pl,0,0,2.000,0,0,0,2.000
LIM/Existencias,0203210,Tubo RECT  300X150X4.5mX6.0m,Rectangular,pieza,0,0,2.000,0,0,0,2.000
LIM/Existencias,0108064,"Canal U 4""X2""X2.5mX6.0mts.",Canal U,Unit(s),0,0,24.000,0,0,0,24.000
LIM/Existencias,1701366,PANEL PV-4X0.30X3.60M  ZINCALUM,Supertecho,Pl,0,0,200.000,0,0,0,200.000
LIM/Existencias,," Barra Redonda Calibrada 2"" (1020) x 5.95mt",Barra Redonda,Unit(s),0,0,7.000,0,0,0,7.000
LIM/Existencias,,"Barra Redonda Calibrada 3/4"" (1020)X6.00 mt",Barra Redonda,pieza,0,0,25.000,0,0,0,25.000
